Region,Total Cost,Total Revenue,Total Profit
Middle East and North Africa,11940031153.620567,16918345832.805367,4978314680.986322
Australia and Oceania,7526098663.258995,10701522223.712845,3175423560.3909473
Europe,24159378162.42763,34239770492.062866,10080392333.122042
Sub-Saharan Africa,24650317581.127777,34954871973.07492,10304554387.869053
Central America and the Caribbean,10266519639.723755,14553730163.654114,4287210521.6859627
North America,2064450719.133194,2937002333.4700775,872551617.0647297
Asia,13585889702.534933,19293401223.155777,5707511516.1706505
