Year,Total Cost,Total Revenue,Total Profit
2010,12332981206.173721,17529726136.837936,5196744931.73579
2011,12336351249.750347,17516841208.526897,5180489954.286942
2012,12450342039.733871,17621185010.575737,5170842975.163134
2013,12544757807.876663,17802628423.000916,5257870612.787804
2014,12647262986.3539,17869392302.402542,5222129311.173204
2015,12565021970.524445,17791984255.343742,5226962291.379013
2016,12297117369.561428,17464067715.656063,5166950335.527011
2017,7018850991.852474,10002819189.592136,2983968205.2368097
